Name,Wallet
_PMC DISTRIBUTION/TRANSFER,0x2B074aB88e5f4a48b8389c8dd62f0F5BE496ADa6
_PMC MAC ADDRESS,0xAC7c3726EE93fa6bFaC92D69F93Df9EB8889b9c5
_PMC MINT TRANSFER,0x710B9561178632333649B4F41f953F978b6233BD
Absorb Your Health,0x8A10c49CC64a4E3F0FB0206525644d631D83062B
All Purpose Creams,0xb12D2B2af0713ed46f25B2Db262683575c39c1a4
BC Bud Depot,0xA90045b3b1b1D90A09444c1dc4Fb279c664C87Fd
Beaver Seeds,0x62Ec0388F01784ACDcFBBF598d714129873bFA0E
Best Kratom,0xde1A31257e5b65F168D6EE671bC805b5C90Cae26
Best Kratom Capsules,0xB2c39994Ec853b3A0AA80e387885CCf7da6265D0
Coastline Kratom,0x4c709EF68033cdc5D73Ad9062efF08A6e085A959
Crop King Seeds,0x30BC6684C7A28E12Bb11e783a41E44B85023B001
Crop King Seeds ca,0xD8B9D934caa9FEeF7BeA767D920c49C5C92a1f7f
Green Religion,0x5C6EF3Bc124F1aD3FBE5142b22ca6E908927172d
Greenpoint,0xEf8d3a7107C11617C1CDb8FE1D1bBa07e2975D33
Happy Hippo,0x8C9F17ce9B2E9Cf299Afd8A878A39a4259EC2599
I Love Hemp,0x5C6EF3Bc124F1aD3FBE5142b22ca6E908927172d
iFlourish Labs,0x400370A58B7c1ac8bEC23A1be75B0EebcCC4F550
JJA Ventures,0xB007cEed72C3500e4D37C0069dd0Ae4D753E1f70
Kraken,0xa48e770C9b8096760D8396Cf5f7FaA1E624411e1
Kratom Capsules,0xaFb873305C17430C8D2419254f358AE68400Beb6
Kratom Country,0x8e28515A9178e5C35ecF516D48F85b0b7BA191Ca
Kratom Crazy,0x9CbA56C03909202BBbB40254653eB1BCf843c9E5
Kratom Krates,0x957cE18746Fe9Af8791837EaA07c510Fe511869B
Kratora LLC,0x7Df1938887748251348e25AE578AAe4F1C67DF85
Left Coast Kratom,0x7489112aad32B00f589970236943ee67c59000cc
Legacy RFLA,0xEBD365413d280186D79cd1184531B4701A51F0DD
Lift Mode,0xa3759B23c25FcfF0Ab5A897F640dB18AF05F4B4e
Lift Mode Hemp,0x0De087797D77CD6730f853FD5245e98EE1BfE21D
Mary Janes Garden,0x1f1709ADebC12c3d7AbCC49ae062748d180dC6c4
MJ Seeds Canada,0x12eFf418f0abBFDfb1d70eb3D550b14f4e08C020
MJ Seeds Canada ca,0x42C6940e7f2aEF01303e3cD74ce9632a21F6d47F
National Management and Recovery,0xd63a49675FeD089F7C553D729Dae3cA394408877
Neptune Novelties,0x9E5E104542D5f7d50437b2b5FF89E055d6e71f11
New Mind,0x6f3D5E47267359cc37e267A8c2EC8f4B0613d168
Otie's Botanicals,0xc70d0f660360337542426F7880D1880A91792AF4
Peak Nootropics,0x5a881a23cd93178A3C641d36577670fDb8363b17
Phytoextractum,0x1926201f930EcE5E7C752d8A75524f72a494d0F3
R Network,0x8421dee033e0af07cb96be0769cc8aaff29fbc91
Proven Peptides,0x44b3fD998974438aFeD0D2CCeBE903242E56Ed36
Rocket Seeds,0x35d534c22911B0517e9524E1580b3D87bE5Ef1F9
Sarms X,0xDFFa9F95aeD7974696AC2c4AD0590F25Cd7686E1
Shop Ketum,0x54eA6060F8bB1a7912f61Bc6CA07C7497874c545
Sonoma Seeds,0x1a0C66c4ED567c8a77d2aE4a43F858317a909aC9
Sunwest Genetics,0xB46731fa3b1c6412216968B7CdF8701cB5e4C442
Super Organics,0xad91f6095e408c27d99aceaec2d4365644f66261
Supernatural Botanicals,0xC809db2d687eBC1bBCA0f4E7B5BfA465f45eF118
The Kratom Connection,0x0dECA91e7b11Db780f4b7FA1Cd994c9b77146896
Venogen,0x74D47097e39037D6df6e4A83a889D55cCAC130bD
Weekly Options Trade,0xb09cc367438de1d472e4c91d98812356edede68c